<?xml version="1.0" encoding="utf-8"?>
<ApplicationInstallerManifest>
   <DefaultInstallationDirectory>/Applications/none/app1/</DefaultInstallationDirectory>
   <ApplicationName>app1</ApplicationName>
   <ExecutableName>application/app1.exe</ExecutableName>
   <GUID>1c7d00c2-06b3-4c41-9c3a-6dea0452aea8</GUID>
   <ApplicationIcon>default_icon_48.png</ApplicationIcon>
   <Logo>default_logo.png</Logo>
   <Version>1.0</Version>
   <InstallationNotes>In the following directions, replace MR/v94 by the directory on the target machine where MATLAB is installed, or MR by the directory where the MATLAB Runtime is installed.

If the environment variable DYLD_LIBRARY_PATH is undefined, set it to the following string:

MR/v94/runtime/maci64:MR/v94/sys/os/maci64:MR/v94/bin/maci64

If it is defined, set it to the following:

${DYLD_LIBRARY_PATH}:MR/v94/runtime/maci64:MR/v94/sys/os/maci64:MR/v94/bin/maci64
0.01v</InstallationNotes>
   <AuthorOrganization>none</AuthorOrganization>
   <WelcomePanelText>app1 1.0
kartik garasia
garasiakartik@gmail.com</WelcomePanelText>
   <MCRProducts>
      <MCRProduct>
         <ExternalProductIdentifier>35000</ExternalProductIdentifier>
      </MCRProduct>
      <MCRProduct>
         <ExternalProductIdentifier>35010</ExternalProductIdentifier>
      </MCRProduct>
   </MCRProducts>
</ApplicationInstallerManifest>